{
  "rows_total": 6665,
  "rows_train": 6665,
  "rows_valid": 5761,
  "distinct_windows_total": 133,
  "class_balance": {
    "BUY_UP": 3784,
    "BUY_DOWN": 2881
  },
  "auc_pr": 0.7549169862501273,
  "cv_auc_pr_mean": 0.7707361261973597,
  "cv_auc_pr_std": 0.08461527375607651,
  "cv_average_precision_mean": 0.7707361261973597,
  "brier": 0.2083451124121329,
  "cv_brier_mean": 0.266430812345959,
  "positive_prevalence": 0.547300815830585,
  "accuracy": 0.6552681826071862,
  "precision_up": 0.6777337800791958,
  "recall_up": 0.7056771328893118,
  "precision_down": 0.6255044390637611,
  "recall_down": 0.5943251533742331,
  "scale_pos_weight": 1.0,
  "policy_metrics": {
    "trade_rate": 0.10727304287450096,
    "realized_ev_per_trade": 0.5829657641315151
  },
  "fallback_policy_metrics": {
    "trade_rate": 0.34941850373199096,
    "realized_ev_per_trade": 0.4179731832897155
  },
  "beats_fallback": true,
  "ready_for_active": false,
  "promotion_block_reason": "cv_brier_mean 0.266 >= 0.250; cv_brier_mean degraded 0.266 > 0.241; cv_auc_pr_std 0.085 > 0.080",
  "confusion_matrix": [
    [
      1550,
      1058
    ],
    [
      928,
      2225
    ]
  ],
  "feature_importance": {
    "gap_signed_pct": 0.09816830605268478,
    "seconds_remaining": 0.0338662788271904,
    "signal_alignment": 0.020735614001750946,
    "signed_alignment": 0.025144323706626892,
    "odds_vel": 0.023817582055926323,
    "odds_vel_accel": 0.028686271980404854,
    "cvd_divergence": 0.024758391082286835,
    "macd_histogram": 0.0314343199133873,
    "bb_pct_b": 0.02828507497906685,
    "rsi": 0.029836203902959824,
    "momentum_pct": 0.02593390643596649,
    "is_late_window": 0.11240680515766144,
    "is_bandar_zone": 0.055216725915670395,
    "is_proximity_risk": 0.038540489971637726,
    "price_roc_15s": 0.0211606714874506,
    "price_roc_30s": 0.025573117658495903,
    "cvd_change_last_30s": 0.026378901675343513,
    "odds_edge_strength": 0.03115304559469223,
    "elapsed_fraction": 0.036954525858163834,
    "gap_alignment_interaction": 0.03883833438158035,
    "realized_vol_30s": 0.028769684955477715,
    "realized_vol_60s": 0.0385291688144207,
    "gap_signed_pct_lag1": 0.058054957538843155,
    "signal_alignment_lag1": 0.03357396647334099,
    "odds_edge_strength_lag1": 0.03734259307384491,
    "ob_imbalance": 0.0468408428132534
  },
  "best_params": {
    "n_estimators": 320,
    "max_depth": 7,
    "learning_rate": 0.1,
    "subsample": 0.85,
    "colsample_bytree": 0.8,
    "random_state": 42,
    "eval_metric": "logloss",
    "objective": "binary:logistic",
    "n_jobs": 1
  },
  "search_trials_completed": 0,
  "training_range": {
    "start": "2026-04-09T19:29:00.158Z",
    "end": "2026-04-10T17:24:27.551Z"
  },
  "experimental_3class_status": "deferred_until_action_labels_exist"
}