{
  "rows_total": 11680,
  "rows_train": 11680,
  "rows_valid": 9795,
  "distinct_windows_total": 232,
  "class_balance": {
    "BUY_UP": 6403,
    "BUY_DOWN": 5277
  },
  "auc_pr": 0.7873887737234379,
  "cv_auc_pr_mean": 0.794574588541039,
  "cv_auc_pr_std": 0.04200847347229157,
  "cv_average_precision_mean": 0.794574588541039,
  "brier": 0.19767913820220065,
  "cv_brier_mean": 0.2346552542652156,
  "positive_prevalence": 0.5453802960694232,
  "accuracy": 0.6787136294027565,
  "precision_up": 0.6911687859257969,
  "recall_up": 0.7427929614376638,
  "precision_down": 0.6610754810064134,
  "recall_down": 0.6018414551987424,
  "scale_pos_weight": 1.0,
  "policy_metrics": {
    "trade_rate": 0.21510974987238388,
    "realized_ev_per_trade": 1.071590803811992
  },
  "fallback_policy_metrics": {
    "trade_rate": 0.4962736089841756,
    "realized_ev_per_trade": 0.38474017614494727
  },
  "runtime_thresholds": {
    "observe": 0.7,
    "reserve": 0.81,
    "early_exec": 0.81,
    "late_exec": 0.78,
    "observe_seed": 0.78,
    "late_risk_bump": 0.02,
    "version": "auto_0.81_0.81_0.78",
    "source": "auto_tuned"
  },
  "threshold_mode": "auto",
  "threshold_tuning_summary": {
    "lookback_days": 14,
    "window_count": 149,
    "min_windows": 40,
    "min_win_rate": 0.8,
    "coverage_target": 0.6,
    "counterfactual_recent24": {
      "0.72": {
        "total_windows": 24,
        "executed_windows": 13,
        "coverage": 0.5417,
        "win_rate": 0.9231,
        "win_rate_by_phase": {
          "LATE_EXEC": 1.0,
          "RESERVE": 0.6667
        }
      },
      "0.74": {
        "total_windows": 24,
        "executed_windows": 13,
        "coverage": 0.5417,
        "win_rate": 0.9231,
        "win_rate_by_phase": {
          "LATE_EXEC": 1.0,
          "RESERVE": 0.6667
        }
      },
      "0.76": {
        "total_windows": 24,
        "executed_windows": 13,
        "coverage": 0.5417,
        "win_rate": 0.9231,
        "win_rate_by_phase": {
          "LATE_EXEC": 1.0,
          "RESERVE": 0.6667
        }
      },
      "0.78": {
        "total_windows": 24,
        "executed_windows": 13,
        "coverage": 0.5417,
        "win_rate": 0.9231,
        "win_rate_by_phase": {
          "LATE_EXEC": 1.0,
          "RESERVE": 0.6667
        }
      }
    },
    "counterfactual_recent100": {
      "0.72": {
        "total_windows": 100,
        "executed_windows": 66,
        "coverage": 0.66,
        "win_rate": 0.8939,
        "win_rate_by_phase": {
          "LATE_EXEC": 0.8974,
          "RESERVE": 0.8824,
          "EARLY_EXEC": 0.9
        }
      },
      "0.74": {
        "total_windows": 100,
        "executed_windows": 66,
        "coverage": 0.66,
        "win_rate": 0.8939,
        "win_rate_by_phase": {
          "LATE_EXEC": 0.8974,
          "RESERVE": 0.8824,
          "EARLY_EXEC": 0.9
        }
      },
      "0.76": {
        "total_windows": 100,
        "executed_windows": 66,
        "coverage": 0.66,
        "win_rate": 0.8939,
        "win_rate_by_phase": {
          "LATE_EXEC": 0.8974,
          "RESERVE": 0.8824,
          "EARLY_EXEC": 0.9
        }
      },
      "0.78": {
        "total_windows": 100,
        "executed_windows": 66,
        "coverage": 0.66,
        "win_rate": 0.8939,
        "win_rate_by_phase": {
          "LATE_EXEC": 0.8974,
          "RESERVE": 0.8824,
          "EARLY_EXEC": 0.9
        }
      }
    },
    "evaluated_profiles": 2197,
    "selected_profile": {
      "observe": 0.7,
      "reserve": 0.81,
      "early_exec": 0.81,
      "late_exec": 0.78,
      "observe_seed": 0.78,
      "late_risk_bump": 0.02,
      "version": "auto_0.81_0.81_0.78",
      "source": "auto_tuned"
    },
    "selected_metrics": {
      "total_windows": 149,
      "executed_windows": 67,
      "coverage": 0.4497,
      "win_rate": 0.8806,
      "win_rate_by_phase": {
        "RESERVE": 0.8333,
        "LATE_EXEC": 0.8974,
        "EARLY_EXEC": 0.9
      }
    },
    "selected_recent24": {
      "total_windows": 24,
      "executed_windows": 13,
      "coverage": 0.5417,
      "win_rate": 0.9231,
      "win_rate_by_phase": {
        "LATE_EXEC": 1.0,
        "RESERVE": 0.6667
      }
    },
    "selected_recent100": {
      "total_windows": 100,
      "executed_windows": 66,
      "coverage": 0.66,
      "win_rate": 0.8939,
      "win_rate_by_phase": {
        "LATE_EXEC": 0.8974,
        "RESERVE": 0.8824,
        "EARLY_EXEC": 0.9
      }
    },
    "selected": "auto_tuned"
  },
  "coverage_target": 0.6,
  "min_win_rate_target": 0.8,
  "beats_fallback": true,
  "ready_for_active": true,
  "promotion_block_reason": "",
  "confusion_matrix": [
    [
      2680,
      1773
    ],
    [
      1374,
      3968
    ]
  ],
  "feature_importance": {
    "gap_signed_pct": 0.11777783185243607,
    "seconds_remaining": 0.03344309329986572,
    "signal_alignment": 0.022581156343221664,
    "signed_alignment": 0.023281104862689972,
    "odds_vel": 0.023316040635108948,
    "odds_vel_accel": 0.025647524744272232,
    "cvd_divergence": 0.02746175415813923,
    "macd_histogram": 0.029749281704425812,
    "bb_pct_b": 0.025837058201432228,
    "rsi": 0.027869289740920067,
    "momentum_pct": 0.025872675701975822,
    "is_late_window": 0.14647799730300903,
    "is_bandar_zone": 0.045370299369096756,
    "is_proximity_risk": 0.024939969182014465,
    "price_roc_15s": 0.023721083998680115,
    "price_roc_30s": 0.028307149186730385,
    "cvd_change_last_30s": 0.02767946384847164,
    "odds_edge_strength": 0.037399716675281525,
    "elapsed_fraction": 0.030527636408805847,
    "gap_alignment_interaction": 0.03843644633889198,
    "realized_vol_30s": 0.031393129378557205,
    "realized_vol_60s": 0.039907291531562805,
    "gap_signed_pct_lag1": 0.047726552933454514,
    "signal_alignment_lag1": 0.02608785592019558,
    "odds_edge_strength_lag1": 0.03150031343102455,
    "ob_imbalance": 0.03768821433186531
  },
  "best_params": {
    "n_estimators": 320,
    "max_depth": 7,
    "learning_rate": 0.1,
    "subsample": 0.85,
    "colsample_bytree": 0.8,
    "random_state": 42,
    "eval_metric": "logloss",
    "objective": "binary:logistic",
    "n_jobs": 1
  },
  "search_trials_completed": 0,
  "training_range": {
    "start": "2026-04-09T19:29:00.158Z",
    "end": "2026-04-11T01:39:52.529Z"
  },
  "experimental_3class_status": "deferred_until_action_labels_exist"
}