{
  "rows_total": 4099,
  "rows_train": 4099,
  "rows_valid": 3621,
  "distinct_windows_total": 85,
  "class_balance": {
    "BUY_UP": 2105,
    "BUY_DOWN": 1994
  },
  "auc_pr": 0.6675189406249921,
  "cv_auc_pr_mean": 0.6841231080924564,
  "cv_auc_pr_std": 0.09478639870943316,
  "cv_average_precision_mean": 0.6841231080924564,
  "brier": 0.2181663891598547,
  "cv_brier_mean": 0.2863710147719204,
  "positive_prevalence": 0.4810825738746203,
  "accuracy": 0.632421982877658,
  "precision_up": 0.6113821138211382,
  "recall_up": 0.6475315729047072,
  "precision_down": 0.6542792792792793,
  "recall_down": 0.6184140500266099,
  "scale_pos_weight": 1.0,
  "policy_metrics": {
    "trade_rate": 0.08312620822977078,
    "realized_ev_per_trade": 0.5054407757982357
  },
  "fallback_policy_metrics": {
    "trade_rate": 0.3170394918530793,
    "realized_ev_per_trade": 0.3732694100741044
  },
  "beats_fallback": true,
  "ready_for_active": false,
  "promotion_block_reason": "distinct_windows_total 85 < 100; cv_brier_mean 0.286 >= 0.250; cv_auc_pr_std 0.095 > 0.080",
  "confusion_matrix": [
    [
      1162,
      717
    ],
    [
      614,
      1128
    ]
  ],
  "feature_importance": {
    "gap_signed_pct": 0.12832586467266083,
    "seconds_remaining": 0.04182504490017891,
    "signal_alignment": 0.02790963277220726,
    "signed_alignment": 0.02252504602074623,
    "odds_vel": 0.030390867963433266,
    "odds_vel_accel": 0.03341451287269592,
    "cvd_divergence": 0.02426276169717312,
    "macd_histogram": 0.037685029208660126,
    "bb_pct_b": 0.030319586396217346,
    "rsi": 0.0344795286655426,
    "momentum_pct": 0.02933119237422943,
    "is_late_window": 0.08846656233072281,
    "is_bandar_zone": 0.04777829721570015,
    "is_proximity_risk": 0.024979859590530396,
    "price_roc_15s": 0.024299317970871925,
    "price_roc_30s": 0.027878744527697563,
    "cvd_change_last_30s": 0.03242843225598335,
    "odds_edge_strength": 0.02959243766963482,
    "elapsed_fraction": 0.07116923481225967,
    "gap_alignment_interaction": 0.034045469015836716,
    "realized_vol_30s": 0.03467274084687233,
    "realized_vol_60s": 0.04655763506889343,
    "gap_signed_pct_lag1": 0.0462711900472641,
    "signal_alignment_lag1": 0.02144227921962738,
    "odds_edge_strength_lag1": 0.029948748648166656,
    "ob_imbalance": 0.0
  },
  "best_params": {
    "n_estimators": 320,
    "max_depth": 7,
    "learning_rate": 0.1,
    "subsample": 0.85,
    "colsample_bytree": 0.8,
    "random_state": 42,
    "eval_metric": "logloss",
    "objective": "binary:logistic",
    "n_jobs": 1
  },
  "search_trials_completed": 0,
  "training_range": {
    "start": "2026-04-09T19:29:00.158Z",
    "end": "2026-04-10T13:24:43.073Z"
  },
  "experimental_3class_status": "deferred_until_action_labels_exist"
}