{
  "rows_total": 18856,
  "rows_train": 18856,
  "rows_valid": 15651,
  "distinct_windows_total": 383,
  "class_balance": {
    "BUY_UP": 9531,
    "BUY_DOWN": 9325
  },
  "auc_pr": 0.74839554010519,
  "cv_auc_pr_mean": 0.7489865692146548,
  "cv_auc_pr_std": 0.08697864279054186,
  "cv_average_precision_mean": 0.7489865692146548,
  "brier": 0.20419654872078244,
  "cv_brier_mean": 0.24501778025855114,
  "positive_prevalence": 0.5018209699060763,
  "accuracy": 0.6686473707750303,
  "precision_up": 0.7013888888888888,
  "recall_up": 0.591545709192768,
  "precision_down": 0.6446216904841032,
  "recall_down": 0.7463126843657817,
  "scale_pos_weight": 1.0,
  "policy_metrics": {
    "trade_rate": 0.20707941984537728,
    "realized_ev_per_trade": 0.506508235289628
  },
  "fallback_policy_metrics": {
    "trade_rate": 0.5062935275701234,
    "realized_ev_per_trade": 0.40496015952509545
  },
  "runtime_thresholds": {
    "observe": 0.7,
    "reserve": 0.74,
    "early_exec": 0.74,
    "late_exec": 0.76,
    "observe_seed": 0.78,
    "late_risk_bump": 0.02,
    "version": "rtp_v1",
    "source": "default"
  },
  "threshold_mode": "auto",
  "threshold_tuning_summary": {
    "lookback_days": 14,
    "window_count": 282,
    "min_windows": 40,
    "min_win_rate": 0.8,
    "coverage_target": 0.6,
    "counterfactual_recent24": {
      "0.72": {
        "total_windows": 24,
        "executed_windows": 17,
        "coverage": 0.7083,
        "win_rate": 0.7647,
        "win_rate_by_phase": {
          "LATE_EXEC": 0.7857,
          "RESERVE": 0.6667
        }
      },
      "0.74": {
        "total_windows": 24,
        "executed_windows": 17,
        "coverage": 0.7083,
        "win_rate": 0.7647,
        "win_rate_by_phase": {
          "LATE_EXEC": 0.7857,
          "RESERVE": 0.6667
        }
      },
      "0.76": {
        "total_windows": 24,
        "executed_windows": 17,
        "coverage": 0.7083,
        "win_rate": 0.7647,
        "win_rate_by_phase": {
          "LATE_EXEC": 0.7857,
          "RESERVE": 0.6667
        }
      },
      "0.78": {
        "total_windows": 24,
        "executed_windows": 16,
        "coverage": 0.6667,
        "win_rate": 0.75,
        "win_rate_by_phase": {
          "LATE_EXEC": 0.7857,
          "RESERVE": 0.5
        }
      }
    },
    "counterfactual_recent100": {
      "0.72": {
        "total_windows": 100,
        "executed_windows": 56,
        "coverage": 0.56,
        "win_rate": 0.8393,
        "win_rate_by_phase": {
          "LATE_EXEC": 0.8333,
          "EARLY_EXEC": 1.0,
          "RESERVE": 0.75
        }
      },
      "0.74": {
        "total_windows": 100,
        "executed_windows": 56,
        "coverage": 0.56,
        "win_rate": 0.8393,
        "win_rate_by_phase": {
          "LATE_EXEC": 0.8333,
          "EARLY_EXEC": 1.0,
          "RESERVE": 0.75
        }
      },
      "0.76": {
        "total_windows": 100,
        "executed_windows": 56,
        "coverage": 0.56,
        "win_rate": 0.8393,
        "win_rate_by_phase": {
          "LATE_EXEC": 0.8333,
          "EARLY_EXEC": 1.0,
          "RESERVE": 0.75
        }
      },
      "0.78": {
        "total_windows": 100,
        "executed_windows": 55,
        "coverage": 0.55,
        "win_rate": 0.8364,
        "win_rate_by_phase": {
          "LATE_EXEC": 0.8333,
          "EARLY_EXEC": 1.0,
          "RESERVE": 0.7143
        }
      }
    },
    "evaluated_profiles": 2197,
    "selected_profile": {
      "observe": 0.7,
      "reserve": 0.77,
      "early_exec": 0.81,
      "late_exec": 0.78,
      "observe_seed": 0.78,
      "late_risk_bump": 0.02,
      "version": "auto_0.77_0.81_0.78",
      "source": "auto_tuned"
    },
    "selected_metrics": {
      "total_windows": 282,
      "executed_windows": 141,
      "coverage": 0.5,
      "win_rate": 0.8723,
      "win_rate_by_phase": {
        "RESERVE": 0.8333,
        "LATE_EXEC": 0.8681,
        "EARLY_EXEC": 0.95
      }
    },
    "selected_recent24": {
      "total_windows": 24,
      "executed_windows": 17,
      "coverage": 0.7083,
      "win_rate": 0.7647,
      "win_rate_by_phase": {
        "LATE_EXEC": 0.7857,
        "RESERVE": 0.6667
      }
    },
    "selected_recent100": {
      "total_windows": 100,
      "executed_windows": 56,
      "coverage": 0.56,
      "win_rate": 0.8393,
      "win_rate_by_phase": {
        "LATE_EXEC": 0.8333,
        "EARLY_EXEC": 1.0,
        "RESERVE": 0.75
      }
    },
    "selected": "default_auto_reverted"
  },
  "coverage_target": 0.6,
  "min_win_rate_target": 0.8,
  "beats_fallback": true,
  "ready_for_active": false,
  "promotion_block_reason": "cv_brier_mean degraded 0.245 > 0.241; cv_auc_pr_std 0.087 > 0.080",
  "confusion_matrix": [
    [
      5819,
      1978
    ],
    [
      3208,
      4646
    ]
  ],
  "feature_importance": {
    "gap_signed_pct": 0.1142205223441124,
    "seconds_remaining": 0.03266669437289238,
    "signal_alignment": 0.01782258413732052,
    "signed_alignment": 0.021301332861185074,
    "odds_vel": 0.021754687651991844,
    "odds_vel_accel": 0.0247742161154747,
    "cvd_divergence": 0.02661113068461418,
    "macd_histogram": 0.0283149853348732,
    "bb_pct_b": 0.025419119745492935,
    "rsi": 0.02686581015586853,
    "momentum_pct": 0.025649255141615868,
    "is_late_window": 0.07731150090694427,
    "is_bandar_zone": 0.02495923452079296,
    "is_proximity_risk": 0.024809351190924644,
    "is_proximity_risk_above": 0.04994450882077217,
    "is_proximity_risk_below": 0.021021034568548203,
    "gap_crossed_zero": 0.031104620546102524,
    "price_roc_15s": 0.022115647792816162,
    "price_roc_30s": 0.024773111566901207,
    "cvd_change_last_30s": 0.0266114491969347,
    "odds_edge_strength": 0.05129731819033623,
    "elapsed_fraction": 0.030965324491262436,
    "gap_alignment_interaction": 0.027513042092323303,
    "realized_vol_30s": 0.028716417029500008,
    "realized_vol_60s": 0.037551503628492355,
    "gap_signed_pct_lag1": 0.05910009518265724,
    "signal_alignment_lag1": 0.016378464177250862,
    "odds_edge_strength_lag1": 0.04477245733141899,
    "ob_imbalance": 0.03565462678670883
  },
  "best_params": {
    "n_estimators": 320,
    "max_depth": 7,
    "learning_rate": 0.1,
    "subsample": 0.85,
    "colsample_bytree": 0.8,
    "random_state": 42,
    "eval_metric": "logloss",
    "objective": "binary:logistic",
    "n_jobs": 1
  },
  "search_trials_completed": 0,
  "training_range": {
    "start": "2026-04-09T19:29:00.158Z",
    "end": "2026-04-11T14:33:33.979Z"
  },
  "experimental_3class_status": "deferred_until_action_labels_exist"
}