{
  "rows_total": 6070,
  "rows_train": 6070,
  "rows_valid": 5278,
  "distinct_windows_total": 121,
  "class_balance": {
    "BUY_UP": 3310,
    "BUY_DOWN": 2760
  },
  "auc_pr": 0.7953846108062501,
  "cv_auc_pr_mean": 0.7998707306615312,
  "cv_auc_pr_std": 0.05770865410467606,
  "cv_average_precision_mean": 0.7998707306615312,
  "brier": 0.18908688029206494,
  "cv_brier_mean": 0.23052974780279162,
  "positive_prevalence": 0.5179992421371732,
  "accuracy": 0.7029177718832891,
  "precision_up": 0.7230298393267024,
  "recall_up": 0.6912948061448427,
  "precision_down": 0.6831831831831832,
  "recall_down": 0.7154088050314465,
  "scale_pos_weight": 1.0,
  "policy_metrics": {
    "trade_rate": 0.15593027661993178,
    "realized_ev_per_trade": 0.5937062464098942
  },
  "fallback_policy_metrics": {
    "trade_rate": 0.3427434634331186,
    "realized_ev_per_trade": 0.4739985555015246
  },
  "beats_fallback": true,
  "ready_for_active": true,
  "promotion_block_reason": "",
  "confusion_matrix": [
    [
      1820,
      724
    ],
    [
      844,
      1890
    ]
  ],
  "feature_importance": {
    "gap_signed_pct": 0.10684109479188919,
    "seconds_remaining": 0.03356289491057396,
    "signal_alignment": 0.019318975508213043,
    "signed_alignment": 0.022714197635650635,
    "odds_vel": 0.02490728534758091,
    "odds_vel_accel": 0.028795095160603523,
    "cvd_divergence": 0.025390159338712692,
    "macd_histogram": 0.030268417671322823,
    "bb_pct_b": 0.029522191733121872,
    "rsi": 0.03063487820327282,
    "momentum_pct": 0.025281772017478943,
    "is_late_window": 0.1109759509563446,
    "is_bandar_zone": 0.04939141869544983,
    "is_proximity_risk": 0.016805484890937805,
    "price_roc_15s": 0.02141524851322174,
    "price_roc_30s": 0.02326148934662342,
    "cvd_change_last_30s": 0.025419870391488075,
    "odds_edge_strength": 0.02904658205807209,
    "elapsed_fraction": 0.033489350229501724,
    "gap_alignment_interaction": 0.045351844280958176,
    "realized_vol_30s": 0.034571822732686996,
    "realized_vol_60s": 0.041131988167762756,
    "gap_signed_pct_lag1": 0.06815619766712189,
    "signal_alignment_lag1": 0.03570523113012314,
    "odds_edge_strength_lag1": 0.048918236047029495,
    "ob_imbalance": 0.039122454822063446
  },
  "best_params": {
    "n_estimators": 320,
    "max_depth": 7,
    "learning_rate": 0.1,
    "subsample": 0.85,
    "colsample_bytree": 0.8,
    "random_state": 42,
    "eval_metric": "logloss",
    "objective": "binary:logistic",
    "n_jobs": 1
  },
  "search_trials_completed": 0,
  "training_range": {
    "start": "2026-04-09T19:29:00.158Z",
    "end": "2026-04-10T16:24:25.526Z"
  },
  "experimental_3class_status": "deferred_until_action_labels_exist"
}