{
  "rows_total": 21209,
  "rows_train": 21209,
  "rows_valid": 17677,
  "distinct_windows_total": 439,
  "class_balance": {
    "BUY_UP": 10868,
    "BUY_DOWN": 10341
  },
  "auc_pr": 0.7497306002816794,
  "cv_auc_pr_mean": 0.7658652909469754,
  "cv_auc_pr_std": 0.04479453189393993,
  "cv_average_precision_mean": 0.7658652909469754,
  "brier": 0.20498223515349429,
  "cv_brier_mean": 0.24338096834504608,
  "positive_prevalence": 0.5106635741358828,
  "accuracy": 0.6623861514962947,
  "precision_up": 0.6874616987375904,
  "recall_up": 0.6213581477788855,
  "precision_down": 0.6408909434755201,
  "recall_down": 0.7052023121387283,
  "scale_pos_weight": 1.0,
  "policy_metrics": {
    "trade_rate": 0.1749165582395203,
    "realized_ev_per_trade": 0.6863814125747414
  },
  "fallback_policy_metrics": {
    "trade_rate": 0.5255982349946258,
    "realized_ev_per_trade": 0.46499860990488573
  },
  "runtime_thresholds": {
    "observe": 0.7,
    "reserve": 0.74,
    "early_exec": 0.74,
    "late_exec": 0.76,
    "observe_seed": 0.78,
    "late_risk_bump": 0.02,
    "version": "rtp_v1",
    "source": "default"
  },
  "threshold_mode": "auto",
  "threshold_tuning_summary": {
    "lookback_days": 14,
    "window_count": 336,
    "min_windows": 40,
    "min_win_rate": 0.8,
    "coverage_target": 0.6,
    "counterfactual_recent24": {
      "0.72": {
        "total_windows": 24,
        "executed_windows": 19,
        "coverage": 0.7917,
        "win_rate": 0.7895,
        "win_rate_by_phase": {
          "EARLY_EXEC": 0.8333,
          "LATE_EXEC": 0.8182,
          "RESERVE": 0.5
        }
      },
      "0.74": {
        "total_windows": 24,
        "executed_windows": 19,
        "coverage": 0.7917,
        "win_rate": 0.7895,
        "win_rate_by_phase": {
          "EARLY_EXEC": 0.8333,
          "LATE_EXEC": 0.8182,
          "RESERVE": 0.5
        }
      },
      "0.76": {
        "total_windows": 24,
        "executed_windows": 19,
        "coverage": 0.7917,
        "win_rate": 0.7895,
        "win_rate_by_phase": {
          "EARLY_EXEC": 0.8333,
          "LATE_EXEC": 0.8182,
          "RESERVE": 0.5
        }
      },
      "0.78": {
        "total_windows": 24,
        "executed_windows": 19,
        "coverage": 0.7917,
        "win_rate": 0.7895,
        "win_rate_by_phase": {
          "EARLY_EXEC": 0.8333,
          "LATE_EXEC": 0.8182,
          "RESERVE": 0.5
        }
      }
    },
    "counterfactual_recent100": {
      "0.72": {
        "total_windows": 100,
        "executed_windows": 70,
        "coverage": 0.7,
        "win_rate": 0.7714,
        "win_rate_by_phase": {
          "LATE_EXEC": 0.7755,
          "RESERVE": 0.6364,
          "EARLY_EXEC": 0.9
        }
      },
      "0.74": {
        "total_windows": 100,
        "executed_windows": 70,
        "coverage": 0.7,
        "win_rate": 0.7714,
        "win_rate_by_phase": {
          "LATE_EXEC": 0.7755,
          "RESERVE": 0.6364,
          "EARLY_EXEC": 0.9
        }
      },
      "0.76": {
        "total_windows": 100,
        "executed_windows": 70,
        "coverage": 0.7,
        "win_rate": 0.7714,
        "win_rate_by_phase": {
          "LATE_EXEC": 0.7755,
          "RESERVE": 0.6364,
          "EARLY_EXEC": 0.9
        }
      },
      "0.78": {
        "total_windows": 100,
        "executed_windows": 65,
        "coverage": 0.65,
        "win_rate": 0.7846,
        "win_rate_by_phase": {
          "LATE_EXEC": 0.7917,
          "RESERVE": 0.5714,
          "EARLY_EXEC": 0.9
        }
      }
    },
    "evaluated_profiles": 2197,
    "selected_profile": {
      "observe": 0.7,
      "reserve": 0.77,
      "early_exec": 0.81,
      "late_exec": 0.77,
      "observe_seed": 0.78,
      "late_risk_bump": 0.02,
      "version": "auto_0.77_0.81_0.77",
      "source": "auto_tuned"
    },
    "selected_metrics": {
      "total_windows": 336,
      "executed_windows": 182,
      "coverage": 0.5417,
      "win_rate": 0.8516,
      "win_rate_by_phase": {
        "RESERVE": 0.8,
        "LATE_EXEC": 0.8487,
        "EARLY_EXEC": 0.9286
      }
    },
    "selected_recent24": {
      "total_windows": 24,
      "executed_windows": 19,
      "coverage": 0.7917,
      "win_rate": 0.7895,
      "win_rate_by_phase": {
        "EARLY_EXEC": 0.8333,
        "LATE_EXEC": 0.8182,
        "RESERVE": 0.5
      }
    },
    "selected_recent100": {
      "total_windows": 100,
      "executed_windows": 70,
      "coverage": 0.7,
      "win_rate": 0.7714,
      "win_rate_by_phase": {
        "LATE_EXEC": 0.7755,
        "RESERVE": 0.6364,
        "EARLY_EXEC": 0.9
      }
    },
    "selected": "default_auto_reverted"
  },
  "coverage_target": 0.6,
  "min_win_rate_target": 0.8,
  "beats_fallback": true,
  "ready_for_active": false,
  "promotion_block_reason": "cv_brier_mean degraded 0.243 > 0.241",
  "confusion_matrix": [
    [
      6100,
      2550
    ],
    [
      3418,
      5609
    ]
  ],
  "feature_importance": {
    "gap_signed_pct": 0.1214742660522461,
    "seconds_remaining": 0.029353084042668343,
    "signal_alignment": 0.014587976969778538,
    "signed_alignment": 0.0238123070448637,
    "odds_vel": 0.019200433045625687,
    "odds_vel_accel": 0.021848823875188828,
    "cvd_divergence": 0.018594296649098396,
    "macd_histogram": 0.027628863230347633,
    "bb_pct_b": 0.02542630024254322,
    "rsi": 0.02570011094212532,
    "momentum_pct": 0.02490238845348358,
    "is_late_window": 0.07269217073917389,
    "is_bandar_zone": 0.01231698039919138,
    "is_proximity_risk": 0.01396259106695652,
    "is_proximity_risk_above": 0.064261794090271,
    "is_proximity_risk_below": 0.029711401090025902,
    "gap_crossed_zero": 0.03502942621707916,
    "price_roc_15s": 0.020958859473466873,
    "price_roc_30s": 0.022766035050153732,
    "cvd_change_last_30s": 0.025355057790875435,
    "odds_edge_strength": 0.053571950644254684,
    "beat_above_ratio": 0.04675888270139694,
    "elapsed_fraction": 0.03219739720225334,
    "gap_alignment_interaction": 0.021965952590107918,
    "realized_vol_30s": 0.026598868891596794,
    "realized_vol_60s": 0.03418516367673874,
    "gap_signed_pct_lag1": 0.03866070508956909,
    "signal_alignment_lag1": 0.018627231940627098,
    "odds_edge_strength_lag1": 0.04484562203288078,
    "ob_imbalance": 0.033005084842443466
  },
  "best_params": {
    "n_estimators": 320,
    "max_depth": 7,
    "learning_rate": 0.1,
    "subsample": 0.85,
    "colsample_bytree": 0.8,
    "random_state": 42,
    "eval_metric": "logloss",
    "objective": "binary:logistic",
    "n_jobs": 1
  },
  "search_trials_completed": 0,
  "training_range": {
    "start": "2026-04-09T19:29:00.158Z",
    "end": "2026-04-11T20:23:35.663Z"
  },
  "experimental_3class_status": "deferred_until_action_labels_exist"
}